AÑO,TRIMESTRE,COD_DEPARTAMENTO,DEPARTAMENTO,No. ACCESOS FIJOS A INTERNET,POBLACIÓN DANE,INDICE
2023,1,70,SUCRE,71753,994060,"7,22"
2023,3,81,ARAUCA,26693,313097,"8,53"
2023,2,52,NARIÑO,129209,1699570,"7,60"
2021,4,54,NORTE DE SANTANDER,198306,1654341,"11,99"
2023,2,66,RISARALDA,219991,972304,"22,63"
2023,1,27,CHOCÓ,23614,595138,"3,97"
2022,4,81,ARAUCA,25907,307628,"8,42"
2023,2,44,LA GUAJIRA,50724,1038397,"4,88"
2023,1,63,QUINDÍO,129564,563076,"23,01"
2023,3,68,SANTANDER,436155,2357127,"18,50"
2023,1,88,"ARCHIPIÉLAGO DE SAN ANDRÉS, PROVIDENCIA Y SANTA CATALINA",9423,62269,"15,13"
2023,2,86,PUTUMAYO,14766,383042,"3,85"
2021,2,50,META,146401,1098104,"13,33"
2023,1,97,VAUPÉS,109,46777,"0,23"
2021,4,18,CAQUETA,36020,418267,"8,61"
2022,3,88,"ARCHIPIÉLAGO DE SAN ANDRÉS, PROVIDENCIA Y SANTA CATALINA",5548,62255,"8,91"
2023,3,66,RISARALDA,218761,972304,"22,50"
2021,3,18,CAQUETA,36142,418267,"8,64"
2023,1,11,BOGOTÁ D.C.,2298520,7907281,"29,07"
2022,2,15,BOYACÁ,156495,1285035,"12,18"
2021,1,68,SANTANDER,385250,2312097,"16,66"
2022,1,44,LA GUAJIRA,53869,1017121,"5,30"
2021,3,91,AMAZONAS,1318,82171,"1,60"
2023,1,17,CALDAS,172135,1040284,"16,55"
2022,4,94,GUAINÍA,818,55091,"1,48"
2023,1,23,CÓRDOBA,131626,1898911,"6,93"
2023,2,08,ATLÁNTICO,484627,2803565,"17,29"
2022,3,11,BOGOTÁ D.C.,2261755,7873316,"28,73"
2023,2,95,GUAVIARE,1576,97616,"1,61"
2021,1,94,GUAINÍA,1560,53583,"2,91"
2023,1,20,CESAR,134609,1373581,"9,80"
2022,2,23,CÓRDOBA,130106,1882211,"6,91"
2021,2,18,CAQUETA,33759,418267,"8,07"
2022,2,70,SUCRE,71902,980942,"7,33"
2022,4,99,VICHADA,1057,120942,"0,87"
2023,2,99,VICHADA,1092,123304,"0,89"
2022,3,54,NORTE DE SANTANDER,192002,1678975,"11,44"
2021,4,25,CUNDINAMARCA,573571,3233689,"17,74"
2022,3,85,CASANARE,48973,459973,"10,65"
2023,1,99,VICHADA,1157,123304,"0,94"
2022,3,86,PUTUMAYO,10321,377095,"2,74"
2022,1,17,CALDAS,172338,1034151,"16,66"
2023,2,54,NORTE DE SANTANDER,187100,1696740,"11,03"
2021,3,44,LA GUAJIRA,57064,993081,"5,75"
2023,1,91,AMAZONAS,1403,85056,"1,65"
2022,1,41,HUILA,141566,1164463,"12,16"
2023,1,73,TOLIMA,225718,1374384,"16,42"
2021,3,19,CAUCA,96634,1525284,"6,34"
2022,2,95,GUAVIARE,1842,94625,"1,95"
2023,2,97,VAUPÉS,102,46777,"0,22"
2022,2,91,AMAZONAS,1222,83690,"1,46"
2021,2,15,BOYACÁ,152260,1271639,"11,97"
2023,1,19,CAUCA,99267,1558045,"6,37"
2023,1,41,HUILA,144445,1178453,"12,26"
2021,4,73,TOLIMA,200147,1361931,"14,70"
2021,4,94,GUAINÍA,1011,53583,"1,89"
2022,3,70,SUCRE,69731,980942,"7,11"
2021,2,73,TOLIMA,199175,1361931,"14,62"
2021,3,25,CUNDINAMARCA,539025,3233689,"16,67"
2023,2,85,CASANARE,54810,467775,"11,72"
2021,2,76,VALLE DEL CAUCA,886005,4613764,"19,20"
2021,3,66,RISARALDA,217507,968287,"22,46"
2022,2,19,CAUCA,94957,1541265,"6,16"
2022,1,76,VALLE DEL CAUCA,927515,4626064,"20,05"
2022,1,23,CÓRDOBA,133975,1882211,"7,12"
2021,3,73,TOLIMA,198210,1361931,"14,55"
2021,4,95,GUAVIARE,2356,91717,"2,57"
2021,1,47,MAGDALENA,114705,1454154,"7,89"
2023,1,44,LA GUAJIRA,48660,1038397,"4,69"
2022,4,50,META,160292,1113810,"14,39"
2022,2,47,MAGDALENA,143823,1476366,"9,74"
2021,3,08,ATLÁNTICO,434149,2741002,"15,84"
2022,2,63,QUINDÍO,127641,559810,"22,80"
2022,4,17,CALDAS,170543,1034151,"16,49"
2023,3,17,CALDAS,173023,1040284,"16,63"
2023,1,18,CAQUETA,33174,425053,"7,80"
2023,3,41,HUILA,151592,1178453,"12,86"
2021,4,05,ANTIOQUIA,1512907,6726219,"22,49"
2022,1,47,MAGDALENA,189335,1476366,"12,82"
2021,2,44,LA GUAJIRA,57944,993081,"5,83"
2021,4,99,VICHADA,1281,118270,"1,08"
2021,4,63,QUINDÍO,126492,557099,"22,71"
2023,1,95,GUAVIARE,1533,97616,"1,57"
2021,1,44,LA GUAJIRA,55102,993081,"5,55"
2023,2,20,CESAR,134455,1373581,"9,79"
2022,4,63,QUINDÍO,129359,559810,"23,11"
2021,4,66,RISARALDA,222026,968287,"22,93"
2023,2,27,CHOCÓ,21716,595138,"3,65"
2022,3,08,ATLÁNTICO,455091,2774958,"16,40"
2022,4,76,VALLE DEL CAUCA,918562,4626064,"19,86"
2022,3,20,CESAR,130352,1349162,"9,66"
2023,1,08,ATLÁNTICO,469519,2803565,"16,75"
2023,3,86,PUTUMAYO,20002,383042,"5,22"
2022,2,25,CUNDINAMARCA,588960,3334637,"17,66"
2023,2,25,CUNDINAMARCA,644555,3445327,"18,71"
2022,2,54,NORTE DE SANTANDER,195432,1678975,"11,64"
2022,4,70,SUCRE,71060,980942,"7,24"
2023,3,11,BOGOTÁ D.C.,2251960,7907281,"28,48"
2022,3,23,CÓRDOBA,127872,1882211,"6,79"
2022,4,44,LA GUAJIRA,50805,1017121,"4,99"
2021,2,47,MAGDALENA,131371,1454154,"9,03"
2022,3,95,GUAVIARE,1763,94625,"1,86"
2022,3,44,LA GUAJIRA,52756,1017121,"5,19"
2021,2,17,CALDAS,158127,1028635,"15,37"
2022,3,50,META,158492,1113810,"14,23"
2021,3,63,QUINDÍO,123508,557099,"22,17"
2023,2,05,ANTIOQUIA,1624379,6848360,"23,72"
2021,4,08,ATLÁNTICO,426313,2741002,"15,55"
2022,1,95,GUAVIARE,2129,94625,"2,25"
2021,2,99,VICHADA,1445,118270,"1,22"
2023,2,13,BOLÍVAR,271506,2247283,"12,08"
2022,4,86,PUTUMAYO,10452,377095,"2,77"
2022,3,99,VICHADA,992,120942,"0,82"
2022,4,27,CHOCÓ,24672,584521,"4,22"
2022,1,73,TOLIMA,197184,1367802,"14,42"
2022,2,50,META,156514,1113810,"14,05"
2022,4,25,CUNDINAMARCA,612263,3334637,"18,36"
2022,1,88,"ARCHIPIÉLAGO DE SAN ANDRÉS, PROVIDENCIA Y SANTA CATALINA",4225,62255,"6,79"
2022,4,11,BOGOTÁ D.C.,2269823,7873316,"28,83"
2021,3,99,VICHADA,1421,118270,"1,20"
2022,4,68,SANTANDER,429054,2335238,"18,37"
2023,1,05,ANTIOQUIA,1643526,6848360,"24,00"
2022,3,47,MAGDALENA,144275,1476366,"9,77"
2021,4,52,NARIÑO,123137,1678786,"7,33"
2021,4,97,VAUPÉS,70,44378,"0,16"
2021,2,52,NARIÑO,114968,1678786,"6,85"
2021,3,05,ANTIOQUIA,1491948,6726219,"22,18"
2022,2,08,ATLÁNTICO,447737,2774958,"16,13"
2022,2,86,PUTUMAYO,11177,377095,"2,96"
2023,1,86,PUTUMAYO,12707,383042,"3,32"
2021,3,76,VALLE DEL CAUCA,886712,4613764,"19,22"
2021,1,95,GUAVIARE,2636,91717,"2,87"
2021,1,27,CHOCÓ,27645,573848,"4,82"
2022,4,18,CAQUETA,36105,421797,"8,56"
2023,3,05,ANTIOQUIA,1615103,6848360,"23,58"
2022,1,66,RISARALDA,209397,970138,"21,58"
2023,2,88,"ARCHIPIÉLAGO DE SAN ANDRÉS, PROVIDENCIA Y SANTA CATALINA",11506,62269,"18,48"
2022,1,15,BOYACÁ,156714,1285035,"12,20"
2023,1,50,META,163440,1130085,"14,46"
2023,3,08,ATLÁNTICO,470721,2803565,"16,79"
2023,1,47,MAGDALENA,149149,1496163,"9,97"
2021,2,27,CHOCÓ,28155,573848,"4,91"
2023,3,18,CAQUETA,34767,425053,"8,18"
2022,3,91,AMAZONAS,1293,83690,"1,54"
2023,3,54,NORTE DE SANTANDER,188319,1696740,"11,10"
2021,1,54,NORTE DE SANTANDER,187310,1654341,"11,32"
2023,2,70,SUCRE,71836,994060,"7,23"
2022,4,41,HUILA,147296,1164463,"12,65"
2021,3,47,MAGDALENA,143430,1454154,"9,86"
2021,3,81,ARAUCA,24392,300637,"8,11"
2022,1,63,QUINDÍO,127869,559810,"22,84"
2022,1,94,GUAINÍA,766,55091,"1,39"
2022,4,05,ANTIOQUIA,1645915,6787846,"24,25"
2022,4,52,NARIÑO,125804,1689002,"7,45"
2021,4,13,BOLÍVAR,234257,2202773,"10,63"
2023,3,20,CESAR,136787,1373581,"9,96"
2021,2,54,NORTE DE SANTANDER,191078,1654341,"11,55"
2021,3,70,SUCRE,66050,966893,"6,83"
2021,3,15,BOYACÁ,155154,1271639,"12,20"
2021,4,47,MAGDALENA,146124,1454154,"10,05"
2023,1,81,ARAUCA,26180,313097,"8,36"
2023,3,99,VICHADA,813,123304,"0,66"
2022,2,17,CALDAS,162117,1034151,"15,68"
2021,4,27,CHOCÓ,27323,573848,"4,76"
2022,4,97,VAUPÉS,105,45579,"0,23"
2022,1,81,ARAUCA,32180,307628,"10,46"
2021,3,17,CALDAS,155984,1028635,"15,16"
2021,2,11,BOGOTÁ D.C.,2165658,7823334,"27,68"
2021,1,99,VICHADA,1521,118270,"1,29"
2021,3,50,META,146429,1098104,"13,33"
2022,1,19,CAUCA,94952,1541265,"6,16"
2022,4,19,CAUCA,98771,1541265,"6,41"
2021,2,97,VAUPÉS,50,44378,"0,11"
2023,3,19,CAUCA,106627,1558045,"6,84"
2023,2,18,CAQUETA,34774,425053,"8,18"
2021,1,66,RISARALDA,217159,968287,"22,43"
2022,1,11,BOGOTÁ D.C.,2240695,7873316,"28,46"
2021,3,95,GUAVIARE,2406,91717,"2,62"
2021,4,81,ARAUCA,24913,300637,"8,29"
2022,3,41,HUILA,146224,1164463,"12,56"
2023,1,68,SANTANDER,429084,2357127,"18,20"
2022,4,47,MAGDALENA,145644,1476366,"9,87"
2021,3,27,CHOCÓ,27335,573848,"4,76"
2022,3,94,GUAINÍA,958,55091,"1,74"
2023,3,13,BOLÍVAR,251635,2247283,"11,20"
2021,1,70,SUCRE,62476,966893,"6,46"
2021,2,95,GUAVIARE,2514,91717,"2,74"
2021,4,19,CAUCA,92899,1525284,"6,09"
2021,2,20,CESAR,122573,1322378,"9,27"
2023,3,70,SUCRE,65403,994060,"6,58"
2022,2,05,ANTIOQUIA,1574974,6787846,"23,20"
2021,2,66,RISARALDA,219136,968287,"22,63"
2021,3,20,CESAR,128755,1322378,"9,74"
2023,3,23,CÓRDOBA,111986,1898911,"5,90"
2022,3,17,CALDAS,179314,1034151,"17,34"
2022,3,73,TOLIMA,211683,1367802,"15,48"
2023,3,73,TOLIMA,230138,1374384,"16,74"
2021,4,85,CASANARE,54243,452098,"12,00"
2023,2,41,HUILA,146882,1178453,"12,46"
2022,3,97,VAUPÉS,86,45579,"0,19"
2022,3,25,CUNDINAMARCA,605394,3334637,"18,15"
2022,4,85,CASANARE,51226,459973,"11,14"
2021,2,41,HUILA,133429,1151211,"11,59"
2021,1,08,ATLÁNTICO,408866,2741002,"14,92"
2021,1,15,BOYACÁ,148395,1271639,"11,67"
2022,3,18,CAQUETA,33970,421797,"8,05"
2022,4,54,NORTE DE SANTANDER,185060,1678975,"11,02"
2021,1,05,ANTIOQUIA,1408505,6726219,"20,94"
2023,3,52,NARIÑO,129967,1699570,"7,65"
2022,3,13,BOLÍVAR,260105,2227184,"11,68"
2023,1,85,CASANARE,57618,467775,"12,32"
2022,2,97,VAUPÉS,74,45579,"0,16"
2021,4,76,VALLE DEL CAUCA,892963,4613764,"19,35"
2022,1,52,NARIÑO,122091,1689002,"7,23"
2022,1,50,META,152344,1113810,"13,68"
2023,2,91,AMAZONAS,2170,85056,"2,55"
2021,1,81,ARAUCA,22385,300637,"7,45"
2023,2,11,BOGOTÁ D.C.,2303696,7907281,"29,13"
2021,2,05,ANTIOQUIA,1464950,6726219,"21,78"
2021,3,94,GUAINÍA,1198,53583,"2,24"
2022,2,73,TOLIMA,206896,1367802,"15,13"
2022,3,05,ANTIOQUIA,1611153,6787846,"23,74"
2022,2,94,GUAINÍA,879,55091,"1,60"
2021,2,81,ARAUCA,23463,300637,"7,80"
2021,2,86,PUTUMAYO,13080,371213,"3,52"
2021,4,68,SANTANDER,405974,2312097,"17,56"
2023,2,73,TOLIMA,227723,1374384,"16,57"
2022,2,99,VICHADA,1116,120942,"0,92"
2021,4,11,BOGOTÁ D.C.,2171274,7823334,"27,75"
2022,3,81,ARAUCA,32397,307628,"10,53"
2023,3,85,CASANARE,55467,467775,"11,86"
2021,1,17,CALDAS,155785,1028635,"15,14"
2023,3,97,VAUPÉS,84,46777,"0,18"
2022,2,41,HUILA,143194,1164463,"12,30"
2022,2,85,CASANARE,51709,459973,"11,24"
2022,1,70,SUCRE,71505,980942,"7,29"
2022,1,99,VICHADA,1103,120942,"0,91"
2022,2,13,BOLÍVAR,255509,2227184,"11,47"
2022,1,25,CUNDINAMARCA,591779,3334637,"17,75"
2021,2,25,CUNDINAMARCA,554301,3233689,"17,14"
2022,4,95,GUAVIARE,1625,94625,"1,72"
2022,3,68,SANTANDER,424458,2335238,"18,18"
2023,2,81,ARAUCA,26860,313097,"8,58"
2022,1,27,CHOCÓ,28557,584521,"4,89"
2021,4,20,CESAR,119567,1322378,"9,04"
2021,3,52,NARIÑO,117642,1678786,"7,01"
2023,1,52,NARIÑO,132535,1699570,"7,80"
2023,2,50,META,166609,1130085,"14,74"
2021,1,50,META,145014,1098104,"13,21"
2021,2,91,AMAZONAS,1436,82171,"1,75"
2023,2,17,CALDAS,172529,1040284,"16,58"
2021,1,97,VAUPÉS,46,44378,"0,10"
2021,1,18,CAQUETA,33973,418267,"8,12"
2022,3,15,BOYACÁ,160426,1285035,"12,48"
2021,3,41,HUILA,136554,1151211,"11,86"
2021,1,63,QUINDÍO,123283,557099,"22,13"
2022,3,19,CAUCA,92209,1541265,"5,98"
2021,1,85,CASANARE,50362,452098,"11,14"
2022,3,76,VALLE DEL CAUCA,915612,4626064,"19,79"
2023,3,88,"ARCHIPIÉLAGO DE SAN ANDRÉS, PROVIDENCIA Y SANTA CATALINA",11440,62269,"18,37"
2022,1,97,VAUPÉS,79,45579,"0,17"
2021,1,41,HUILA,134429,1151211,"11,68"
2022,2,20,CESAR,135737,1349162,"10,06"
2022,1,86,PUTUMAYO,11119,377095,"2,95"
2023,2,94,GUAINÍA,726,56551,"1,28"
2021,1,91,AMAZONAS,1679,82171,"2,04"
2022,2,81,ARAUCA,22138,307628,"7,20"
2023,2,15,BOYACÁ,162694,1298800,"12,53"
2021,3,88,"ARCHIPIÉLAGO DE SAN ANDRÉS, PROVIDENCIA Y SANTA CATALINA",4397,62159,"7,07"
2021,1,23,CÓRDOBA,115273,1864336,"6,18"
2021,2,08,ATLÁNTICO,422841,2741002,"15,43"
2022,1,68,SANTANDER,417608,2335238,"17,88"
2021,3,86,PUTUMAYO,14771,371213,"3,98"
2022,4,08,ATLÁNTICO,471543,2774958,"16,99"
2021,3,85,CASANARE,52846,452098,"11,69"
2022,4,23,CÓRDOBA,126895,1882211,"6,74"
2022,2,44,LA GUAJIRA,52922,1017121,"5,20"
2021,2,70,SUCRE,65207,966893,"6,74"
2021,4,91,AMAZONAS,1251,82171,"1,52"
2022,2,11,BOGOTÁ D.C.,2248809,7873316,"28,56"
2021,2,94,GUAINÍA,1369,53583,"2,55"
2021,1,13,BOLÍVAR,207643,2202773,"9,43"
2021,3,23,CÓRDOBA,120463,1864336,"6,46"
2021,4,70,SUCRE,66810,966893,"6,91"
2022,2,27,CHOCÓ,29341,584521,"5,02"
2023,3,50,META,179395,1130085,"15,87"
2023,1,76,VALLE DEL CAUCA,926376,4638029,"19,97"
2022,4,73,TOLIMA,214413,1367802,"15,68"
2023,3,63,QUINDÍO,127455,563076,"22,64"
2021,1,76,VALLE DEL CAUCA,879946,4613764,"19,07"
2022,1,18,CAQUETA,37375,421797,"8,86"
2021,3,68,SANTANDER,395235,2312097,"17,09"
2021,4,15,BOYACÁ,160522,1271639,"12,62"
2021,1,86,PUTUMAYO,26274,371213,"7,08"
2023,3,76,VALLE DEL CAUCA,916250,4638029,"19,76"
2023,2,76,VALLE DEL CAUCA,925771,4638029,"19,96"
2021,3,97,VAUPÉS,62,44378,"0,14"
2023,1,25,CUNDINAMARCA,651336,3445327,"18,90"
2022,3,52,NARIÑO,122798,1689002,"7,27"
2021,2,63,QUINDÍO,124747,557099,"22,39"
2023,3,15,BOYACÁ,162016,1298800,"12,47"
2023,3,95,GUAVIARE,1382,97616,"1,42"
2021,2,19,CAUCA,104264,1525284,"6,84"
2023,2,19,CAUCA,98736,1558045,"6,34"
2021,1,11,BOGOTÁ D.C.,2139304,7823334,"27,35"
2021,1,19,CAUCA,100855,1525284,"6,61"
2023,3,27,CHOCÓ,20683,595138,"3,48"
2022,4,15,BOYACÁ,158451,1285035,"12,33"
2021,4,86,PUTUMAYO,15647,371213,"4,22"
2023,3,91,AMAZONAS,941,85056,"1,11"
2021,2,68,SANTANDER,390565,2312097,"16,89"
2022,1,85,CASANARE,50810,459973,"11,05"
2023,3,94,GUAINÍA,565,56551,"1,00"
2023,3,47,MAGDALENA,146972,1496163,"9,82"
2022,1,05,ANTIOQUIA,1554792,6787846,"22,91"
2021,4,17,CALDAS,155415,1028635,"15,11"
2023,1,54,NORTE DE SANTANDER,183137,1696740,"10,79"
2022,3,27,CHOCÓ,26443,584521,"4,52"
2022,3,66,RISARALDA,207854,970138,"21,43"
2023,1,15,BOYACÁ,159668,1298800,"12,29"
2022,4,88,"ARCHIPIÉLAGO DE SAN ANDRÉS, PROVIDENCIA Y SANTA CATALINA",7992,62255,"12,84"
2022,4,91,AMAZONAS,1005,83690,"1,20"
2022,4,66,RISARALDA,220933,970138,"22,77"
2021,1,73,TOLIMA,196546,1361931,"14,43"
2022,1,08,ATLÁNTICO,443904,2774958,"16,00"
2022,4,13,BOLÍVAR,265887,2227184,"11,94"
2021,3,13,BOLÍVAR,229505,2202773,"10,42"
2023,2,47,MAGDALENA,149137,1496163,"9,97"
2022,1,54,NORTE DE SANTANDER,188798,1678975,"11,24"
2021,3,54,NORTE DE SANTANDER,194362,1654341,"11,75"
2022,1,91,AMAZONAS,1079,83690,"1,29"
2022,2,68,SANTANDER,420664,2335238,"18,01"
2021,1,52,NARIÑO,115239,1678786,"6,86"
2022,2,52,NARIÑO,122325,1689002,"7,24"
2023,1,94,GUAINÍA,856,56551,"1,51"
2023,2,63,QUINDÍO,129403,563076,"22,98"
2023,1,66,RISARALDA,222091,972304,"22,84"
2023,1,13,BOLÍVAR,268977,2247283,"11,97"
2022,1,13,BOLÍVAR,252646,2227184,"11,34"
2023,2,68,SANTANDER,431924,2357127,"18,32"
2023,3,25,CUNDINAMARCA,649508,3445327,"18,85"
2022,2,66,RISARALDA,219822,970138,"22,66"
2022,1,20,CESAR,132049,1349162,"9,79"
2021,4,44,LA GUAJIRA,57805,993081,"5,82"
2022,2,76,VALLE DEL CAUCA,907928,4626064,"19,63"
2022,3,63,QUINDÍO,129460,559810,"23,13"
2021,3,11,BOGOTÁ D.C.,2157112,7823334,"27,57"
2023,3,44,LA GUAJIRA,53712,1038397,"5,17"
2021,1,25,CUNDINAMARCA,543265,3233689,"16,80"
2021,2,88,"ARCHIPIÉLAGO DE SAN ANDRÉS, PROVIDENCIA Y SANTA CATALINA",4829,62159,"7,77"
2023,2,23,CÓRDOBA,123125,1898911,"6,48"
2021,2,13,BOLÍVAR,221569,2202773,"10,06"
2021,1,20,CESAR,122262,1322378,"9,25"
2021,4,41,HUILA,143873,1151211,"12,50"
2022,4,20,CESAR,131165,1349162,"9,72"
2022,2,88,"ARCHIPIÉLAGO DE SAN ANDRÉS, PROVIDENCIA Y SANTA CATALINA",4084,62255,"6,56"
2022,2,18,CAQUETA,30227,421797,"7,17"
2021,4,88,"ARCHIPIÉLAGO DE SAN ANDRÉS, PROVIDENCIA Y SANTA CATALINA",4176,62159,"6,72"
2021,4,23,CÓRDOBA,120276,1864336,"6,45"
2021,4,50,META,151508,1098104,"13,80"
2021,1,88,"ARCHIPIÉLAGO DE SAN ANDRÉS, PROVIDENCIA Y SANTA CATALINA",4591,62159,"7,39"
2021,2,23,CÓRDOBA,121284,1864336,"6,51"
2021,2,85,CASANARE,48885,452098,"10,81"
2018,4,41,HUILA,107151,1100386,"9,74"
2019,2,27,CHOCÓ,23467,539933,"4,35"
2020,1,88,"ARCHIPIÉLAGO DE SAN ANDRÉS, PROVIDENCIA Y SANTA CATALINA",3274,61898,"5,29"
2016,1,88,"ARCHIPIÉLAGO DE SAN ANDRÉS, PROVIDENCIA Y SANTA CATALINA",3740,61358,"6,10"
2019,4,94,GUAINÍA,1287,49473,"2,60"
2018,1,25,CUNDINAMARCA,369021,2919060,"12,64"
2016,3,44,LA GUAJIRA,29666,822700,"3,61"
2017,2,91,AMAZONAS,422,75104,"0,56"
2018,2,85,CASANARE,34762,420504,"8,27"
2016,4,86,PUTUMAYO,8726,334152,"2,61"
2017,1,99,VICHADA,1812,105059,"1,72"
2018,3,20,CESAR,87011,1200574,"7,25"
2019,4,95,GUAVIARE,2614,84716,"3,09"
2017,1,52,NARIÑO,129808,1621984,"8,00"
2015,4,73,TOLIMA,137491,1320911,"10,41"
2020,2,23,CÓRDOBA,110106,1842585,"5,98"
2018,4,05,ANTIOQUIA,1164322,6407102,"18,17"
2016,2,91,AMAZONAS,510,73790,"0,69"
2016,1,63,QUINDÍO,78841,529891,"14,88"
2018,4,95,GUAVIARE,2437,82767,"2,94"
2016,2,18,CAQUETA,17466,399983,"4,37"
2020,1,73,TOLIMA,156311,1354338,"11,54"
2016,2,70,SUCRE,42939,877397,"4,89"
2019,4,63,QUINDÍO,100034,547855,"18,26"
2018,3,86,PUTUMAYO,14645,348182,"4,21"
2016,2,50,META,97729,1004633,"9,73"
2020,1,47,MAGDALENA,100423,1426023,"7,04"
2018,4,52,NARIÑO,99030,1630592,"6,07"
2017,3,20,CESAR,77755,1162415,"6,69"
2019,4,15,BOYACÁ,117870,1230910,"9,58"
2019,2,86,PUTUMAYO,17081,353759,"4,83"
2016,2,41,HUILA,87981,1073916,"8,19"
2017,2,81,ARAUCA,9242,250502,"3,69"
2018,4,91,AMAZONAS,930,76589,"1,21"
2020,3,52,NARIÑO,105716,1665454,"6,35"
2016,2,20,CESAR,65514,1136299,"5,77"
2019,2,44,LA GUAJIRA,42768,927506,"4,61"
2019,4,97,VAUPÉS,93,42721,"0,22"
2018,2,54,NORTE DE SANTANDER,137851,1491689,"9,24"
2015,4,18,CAQUETA,17002,398725,"4,26"
2017,1,41,HUILA,119327,1086654,"10,98"
2020,1,54,NORTE DE SANTANDER,161542,1617209,"9,99"
2019,3,25,CUNDINAMARCA,423195,3085522,"13,72"
2018,2,91,AMAZONAS,567,76589,"0,74"
2018,1,05,ANTIOQUIA,1113779,6407102,"17,38"
2018,1,18,CAQUETA,19849,401849,"4,94"
2017,4,76,VALLE DEL CAUCA,707051,4432549,"15,95"
2020,2,41,HUILA,118400,1136911,"10,41"
2019,1,95,GUAVIARE,2525,84716,"2,98"
2019,2,18,CAQUETA,24057,406142,"5,92"
2017,1,05,ANTIOQUIA,1300024,6296843,"20,65"
2017,2,88,"ARCHIPIÉLAGO DE SAN ANDRÉS, PROVIDENCIA Y SANTA CATALINA",4233,61309,"6,90"
2018,3,91,AMAZONAS,640,76589,"0,84"
2016,4,05,ANTIOQUIA,1033038,6211312,"16,63"
2017,4,86,PUTUMAYO,12200,340750,"3,58"
2016,1,66,RISARALDA,140889,929046,"15,16"
2016,2,94,GUAINÍA,63,44722,"0,14"
2020,2,70,SUCRE,55679,950612,"5,86"
2018,3,94,GUAINÍA,582,48114,"1,21"
2016,3,68,SANTANDER,309718,2119954,"14,61"
2019,4,13,BOLÍVAR,185788,2130512,"8,72"
2020,1,17,CALDAS,129712,1021435,"12,70"
2020,4,52,NARIÑO,109983,1665454,"6,60"
2016,4,68,SANTANDER,311546,2119954,"14,70"
2020,3,94,GUAINÍA,1691,52006,"3,25"
2017,1,97,VAUPÉS,67,39811,"0,17"
2020,2,20,CESAR,109985,1290919,"8,52"
2017,4,17,CALDAS,119291,991363,"12,03"
2016,4,23,CÓRDOBA,75968,1744254,"4,36"
2018,3,19,CAUCA,75891,1464488,"5,18"
2018,2,52,NARIÑO,96604,1630592,"5,92"
2019,4,08,ATLÁNTICO,354675,2638151,"13,44"
2017,3,41,HUILA,96396,1086654,"8,87"
2020,1,97,VAUPÉS,66,43188,"0,15"
2020,1,91,AMAZONAS,1382,80472,"1,72"
2020,4,70,SUCRE,61200,950612,"6,44"
2019,1,50,META,123672,1052125,"11,75"
2017,1,54,NORTE DE SANTANDER,161631,1446748,"11,17"
2018,4,66,RISARALDA,168620,943401,"17,87"
2020,2,86,PUTUMAYO,19163,364883,"5,25"
2017,3,17,CALDAS,118765,991363,"11,98"
2020,1,95,GUAVIARE,2725,89050,"3,06"
2020,1,18,CAQUETA,28707,413688,"6,94"
2016,1,11,BOGOTÁ D.C.,1647186,7300918,"22,56"
2017,2,73,TOLIMA,147894,1326203,"11,15"
2020,1,99,VICHADA,1359,115196,"1,18"
2017,4,95,GUAVIARE,1742,80507,"2,16"
2020,1,41,HUILA,112736,1136911,"9,92"
2020,2,66,RISARALDA,195219,962779,"20,28"
2019,2,88,"ARCHIPIÉLAGO DE SAN ANDRÉS, PROVIDENCIA Y SANTA CATALINA",4263,62482,"6,82"
2016,1,13,BOLÍVAR,161939,2013010,"8,04"
2016,1,73,TOLIMA,138636,1323323,"10,48"
2017,1,44,LA GUAJIRA,37955,846012,"4,49"
2020,1,66,RISARALDA,186183,962779,"19,34"
2020,2,91,AMAZONAS,1365,80472,"1,70"
2017,1,19,CAUCA,100051,1448837,"6,91"
2018,2,19,CAUCA,70371,1464488,"4,81"
2016,4,81,ARAUCA,8513,244206,"3,49"
2016,4,73,TOLIMA,143181,1323323,"10,82"
2019,4,27,CHOCÓ,23588,539933,"4,37"
2016,2,27,CHOCÓ,16603,518234,"3,20"
2019,4,50,META,125785,1052125,"11,96"
2020,1,05,ANTIOQUIA,1258509,6649401,"18,93"
2020,1,20,CESAR,102930,1290919,"7,97"
2019,3,18,CAQUETA,28686,406142,"7,06"
2019,3,66,RISARALDA,178182,952511,"18,71"
2018,1,94,GUAINÍA,531,48114,"1,10"
2016,1,15,BOYACÁ,89700,1199978,"7,48"
2017,1,73,TOLIMA,189446,1326203,"14,28"
2019,3,52,NARIÑO,104234,1628981,"6,40"
2018,2,70,SUCRE,52030,904863,"5,75"
2019,1,11,BOGOTÁ D.C.,1874506,7592871,"24,69"
2018,4,88,"ARCHIPIÉLAGO DE SAN ANDRÉS, PROVIDENCIA Y SANTA CATALINA",4121,61280,"6,72"
2017,2,70,SUCRE,47075,888638,"5,30"
2017,1,66,RISARALDA,208404,935164,"22,29"
2019,1,08,ATLÁNTICO,329666,2638151,"12,50"
2018,3,95,GUAVIARE,2397,82767,"2,90"
2018,1,41,HUILA,99408,1100386,"9,03"
2018,1,13,BOLÍVAR,180168,2070110,"8,70"
2019,1,41,HUILA,108409,1111844,"9,75"
2020,4,73,TOLIMA,180695,1354338,"13,34"
2019,2,47,MAGDALENA,96527,1388832,"6,95"
2015,4,97,VAUPÉS,69,37638,"0,18"
2020,4,18,CAQUETA,29176,413688,"7,05"
2019,1,81,ARAUCA,12948,280109,"4,62"
2019,3,68,SANTANDER,339143,2237587,"15,16"
2016,2,85,CASANARE,28976,403554,"7,18"
2019,2,91,AMAZONAS,1243,77753,"1,60"
2020,3,81,ARAUCA,21560,291252,"7,40"
2019,3,05,ANTIOQUIA,1212241,6550206,"18,51"
2016,4,20,CESAR,66925,1136299,"5,89"
2019,1,76,VALLE DEL CAUCA,763692,4506768,"16,95"
2019,3,15,BOYACÁ,124919,1230910,"10,15"
2019,4,86,PUTUMAYO,16680,353759,"4,72"
2017,2,50,META,106521,1021943,"10,42"
2018,4,70,SUCRE,54002,904863,"5,97"
2016,4,66,RISARALDA,148983,929046,"16,04"
2016,3,27,CHOCÓ,17196,518234,"3,32"
2018,2,18,CAQUETA,21350,401849,"5,31"
2019,2,73,TOLIMA,160881,1335313,"12,05"
2020,1,27,CHOCÓ,25737,562387,"4,58"
2020,4,86,PUTUMAYO,25176,364883,"6,90"
2017,2,44,LA GUAJIRA,33598,846012,"3,97"
2016,3,52,NARIÑO,84533,1615767,"5,23"
2016,4,47,MAGDALENA,80094,1287462,"6,22"
2017,4,81,ARAUCA,10647,250502,"4,25"
2018,2,97,VAUPÉS,62,40797,"0,15"
2018,1,54,NORTE DE SANTANDER,134169,1491689,"8,99"
2016,1,47,MAGDALENA,74148,1287462,"5,76"
2016,1,23,CÓRDOBA,74454,1744254,"4,27"
2018,4,27,CHOCÓ,21360,534826,"3,99"
2017,2,95,GUAVIARE,1357,80507,"1,69"
2016,1,70,SUCRE,42929,877397,"4,89"
2019,2,66,RISARALDA,176021,952511,"18,48"
2019,4,47,MAGDALENA,99551,1388832,"7,17"
2020,3,19,CAUCA,83037,1508061,"5,51"
2018,2,86,PUTUMAYO,13534,348182,"3,89"
2017,2,08,ATLÁNTICO,314991,2468429,"12,76"
2020,1,70,SUCRE,54109,950612,"5,69"
2017,1,91,AMAZONAS,435,75104,"0,58"
2020,4,99,VICHADA,1389,115196,"1,21"
2020,3,41,HUILA,123863,1136911,"10,89"
2020,3,54,NORTE DE SANTANDER,178483,1617209,"11,04"
2019,2,25,CUNDINAMARCA,413682,3085522,"13,41"
2018,3,27,CHOCÓ,22115,534826,"4,13"
2016,4,95,GUAVIARE,1080,78796,"1,37"
2018,2,13,BOLÍVAR,183550,2070110,"8,87"
2019,3,88,"ARCHIPIÉLAGO DE SAN ANDRÉS, PROVIDENCIA Y SANTA CATALINA",4049,62482,"6,48"
2016,1,94,GUAINÍA,64,44722,"0,14"
2016,3,18,CAQUETA,17822,399983,"4,46"
2018,1,86,PUTUMAYO,12772,348182,"3,67"
2019,4,44,LA GUAJIRA,47464,927506,"5,12"
2017,3,27,CHOCÓ,18912,526888,"3,59"
2017,2,97,VAUPÉS,64,39811,"0,16"
2019,1,94,GUAINÍA,1632,49473,"3,30"
2017,1,47,MAGDALENA,103487,1309259,"7,90"
2019,1,15,BOYACÁ,120297,1230910,"9,77"
2018,4,11,BOGOTÁ D.C.,1876271,7412566,"25,31"
2020,2,18,CAQUETA,30875,413688,"7,46"
2019,1,20,CESAR,91285,1252398,"7,29"
2020,4,95,GUAVIARE,2563,89050,"2,88"
2017,4,66,RISARALDA,149943,935164,"16,03"
2020,4,27,CHOCÓ,25937,562387,"4,61"
2017,3,18,CAQUETA,22299,401099,"5,56"
2020,2,50,META,140129,1082032,"12,95"
2020,2,11,BOGOTÁ D.C.,2025140,7732161,"26,19"
2019,1,19,CAUCA,75130,1478407,"5,08"
2015,4,15,BOYACÁ,86118,1193206,"7,22"
2018,2,95,GUAVIARE,2213,82767,"2,67"
2018,4,73,TOLIMA,154721,1330187,"11,63"
2020,2,47,MAGDALENA,102652,1426023,"7,20"
2018,2,27,CHOCÓ,21320,534826,"3,99"
2018,3,70,SUCRE,52047,904863,"5,75"
2017,1,63,QUINDÍO,111600,533966,"20,90"
2020,3,76,VALLE DEL CAUCA,850112,4582377,"18,55"
2017,1,27,CHOCÓ,19430,526888,"3,69"
2019,3,70,SUCRE,54468,928984,"5,86"
2017,3,11,BOGOTÁ D.C.,1807827,7337449,"24,64"
2017,1,76,VALLE DEL CAUCA,997724,4432549,"22,51"
2017,3,50,META,109226,1021943,"10,69"
2020,2,08,ATLÁNTICO,376574,2693665,"13,98"
2019,2,20,CESAR,99853,1252398,"7,97"
2017,4,18,CAQUETA,19463,401099,"4,85"
2020,3,97,VAUPÉS,58,43188,"0,13"
2020,3,27,CHOCÓ,27310,562387,"4,86"
2015,4,13,BOLÍVAR,158599,1993760,"7,95"
2019,3,63,QUINDÍO,102379,547855,"18,69"
2017,4,44,LA GUAJIRA,34906,846012,"4,13"
2016,1,18,CAQUETA,17150,399983,"4,29"
2017,2,27,CHOCÓ,18427,526888,"3,50"
2016,1,05,ANTIOQUIA,977486,6211312,"15,74"
2018,1,17,CALDAS,120931,998255,"12,11"
2019,2,05,ANTIOQUIA,1198606,6550206,"18,30"
2016,1,27,CHOCÓ,16035,518234,"3,09"
2020,2,63,QUINDÍO,107847,553321,"19,49"
2019,3,50,META,129526,1052125,"12,31"
2017,3,76,VALLE DEL CAUCA,698081,4432549,"15,75"
2019,4,23,CÓRDOBA,103215,1808439,"5,71"
2017,4,94,GUAINÍA,373,46250,"0,81"
2018,4,76,VALLE DEL CAUCA,749987,4475886,"16,76"
2018,4,15,BOYACÁ,116210,1217376,"9,55"
2019,2,97,VAUPÉS,47,42721,"0,11"
2016,2,11,BOGOTÁ D.C.,1681117,7300918,"23,03"
2016,4,50,META,101274,1004633,"10,08"
2017,4,13,BOLÍVAR,177184,2035711,"8,70"
2019,3,13,BOLÍVAR,198475,2130512,"9,32"
2018,2,68,SANTANDER,318321,2184837,"14,57"
2019,2,15,BOYACÁ,121760,1230910,"9,89"
2019,3,47,MAGDALENA,97928,1388832,"7,05"
2019,2,13,BOLÍVAR,194076,2130512,"9,11"
2017,4,47,MAGDALENA,89125,1309259,"6,81"
2018,1,68,SANTANDER,334159,2184837,"15,29"
2016,1,97,VAUPÉS,72,38737,"0,19"
2016,2,54,NORTE DE SANTANDER,123382,1424761,"8,66"
2017,3,85,CASANARE,32855,411255,"7,99"
2016,3,86,PUTUMAYO,8652,334152,"2,59"
2018,3,18,CAQUETA,22510,401849,"5,60"
2017,2,15,BOYACÁ,102908,1207665,"8,52"
2020,2,95,GUAVIARE,2869,89050,"3,22"
2019,1,70,SUCRE,53828,928984,"5,79"
2018,3,47,MAGDALENA,91388,1341746,"6,81"
2017,2,13,BOLÍVAR,174788,2035711,"8,59"
2019,3,41,HUILA,113552,1111844,"10,21"
2019,4,76,VALLE DEL CAUCA,782539,4506768,"17,36"
2016,2,19,CAUCA,59932,1434395,"4,18"
2018,2,47,MAGDALENA,92880,1341746,"6,92"
2019,1,88,"ARCHIPIÉLAGO DE SAN ANDRÉS, PROVIDENCIA Y SANTA CATALINA",4177,62482,"6,69"
2017,4,73,TOLIMA,147084,1326203,"11,09"
2020,4,94,GUAINÍA,1467,52006,"2,82"
2018,4,86,PUTUMAYO,15553,348182,"4,47"
2016,2,08,ATLÁNTICO,290358,2427046,"11,96"
2015,4,76,VALLE DEL CAUCA,609043,4397194,"13,85"
2018,2,63,QUINDÍO,93886,539904,"17,39"
2020,1,11,BOGOTÁ D.C.,1957333,7732161,"25,31"
2019,1,85,CASANARE,35957,428563,"8,39"
2017,1,68,SANTANDER,387191,2146496,"18,04"
2019,1,66,RISARALDA,173264,952511,"18,19"
2017,4,27,CHOCÓ,20514,526888,"3,89"
2018,1,99,VICHADA,1520,107808,"1,41"
2016,2,86,PUTUMAYO,8519,334152,"2,55"
2020,1,08,ATLÁNTICO,362839,2693665,"13,47"
2016,4,63,QUINDÍO,83570,529891,"15,77"
2018,2,76,VALLE DEL CAUCA,731790,4475886,"16,35"
2019,2,17,CALDAS,127755,1008344,"12,67"
2018,4,81,ARAUCA,11272,262174,"4,30"
2016,1,44,LA GUAJIRA,29305,822700,"3,56"
2016,1,54,NORTE DE SANTANDER,123719,1424761,"8,68"
2020,1,52,NARIÑO,100215,1665454,"6,02"
2019,3,08,ATLÁNTICO,351804,2638151,"13,34"
2020,2,15,BOYACÁ,125468,1257289,"9,98"
2020,3,66,RISARALDA,202352,962779,"21,02"
2019,3,11,BOGOTÁ D.C.,1915409,7592871,"25,23"
2018,4,97,VAUPÉS,63,40797,"0,15"
2020,2,25,CUNDINAMARCA,460817,3147954,"14,64"
2016,3,76,VALLE DEL CAUCA,647194,4414569,"14,66"
2018,2,41,HUILA,101869,1100386,"9,26"
2018,3,54,NORTE DE SANTANDER,142502,1491689,"9,55"
2020,2,81,ARAUCA,17688,291252,"6,07"
2018,3,08,ATLÁNTICO,343197,2535517,"13,54"
2018,1,50,META,114467,1039722,"11,01"
2019,3,19,CAUCA,76235,1478407,"5,16"
2019,2,70,SUCRE,53705,928984,"5,78"
2018,3,11,BOGOTÁ D.C.,1875396,7412566,"25,30"
2020,4,47,MAGDALENA,107445,1426023,"7,53"
2017,4,68,SANTANDER,329803,2146496,"15,36"
2020,3,25,CUNDINAMARCA,499349,3147954,"15,86"
2020,1,94,GUAINÍA,1570,52006,"3,02"
2019,4,88,"ARCHIPIÉLAGO DE SAN ANDRÉS, PROVIDENCIA Y SANTA CATALINA",4094,62482,"6,55"
2018,3,25,CUNDINAMARCA,381712,2919060,"13,08"
2017,2,68,SANTANDER,326858,2146496,"15,23"
2017,3,52,NARIÑO,90246,1621984,"5,56"
2019,3,23,CÓRDOBA,104378,1808439,"5,77"
2017,3,73,TOLIMA,140366,1326203,"10,58"
2020,1,68,SANTANDER,338856,2282208,"14,85"
2018,2,25,CUNDINAMARCA,384610,2919060,"13,18"
2015,4,70,SUCRE,42689,867701,"4,92"
2020,1,13,BOLÍVAR,191306,2169294,"8,82"
2020,2,76,VALLE DEL CAUCA,827014,4582377,"18,05"
2016,3,66,RISARALDA,147233,929046,"15,85"
2019,4,70,SUCRE,53166,928984,"5,72"
2016,2,44,LA GUAJIRA,29774,822700,"3,62"
2016,4,25,CUNDINAMARCA,318243,2652076,"12,00"
2016,1,68,SANTANDER,302880,2119954,"14,29"
2019,2,94,GUAINÍA,1204,49473,"2,43"
2016,3,85,CASANARE,29769,403554,"7,38"
2018,4,85,CASANARE,33711,420504,"8,02"
2016,3,63,QUINDÍO,82905,529891,"15,65"
2018,4,08,ATLÁNTICO,346822,2535517,"13,68"
2020,1,19,CAUCA,77510,1508061,"5,14"
2018,1,27,CHOCÓ,21031,534826,"3,93"
2019,2,54,NORTE DE SANTANDER,149575,1565362,"9,56"
2019,1,86,PUTUMAYO,11036,353759,"3,12"
2015,4,23,CÓRDOBA,73810,1726287,"4,28"
2020,3,86,PUTUMAYO,21333,364883,"5,85"
2019,2,99,VICHADA,1291,110599,"1,17"
2017,4,63,QUINDÍO,90741,533966,"16,99"
2017,2,66,RISARALDA,145637,935164,"15,57"
2020,3,88,"ARCHIPIÉLAGO DE SAN ANDRÉS, PROVIDENCIA Y SANTA CATALINA",3778,61898,"6,10"
2019,1,97,VAUPÉS,63,42721,"0,15"
2018,1,23,CÓRDOBA,88980,1784783,"4,99"
2018,4,25,CUNDINAMARCA,391959,2919060,"13,43"
2015,4,68,SANTANDER,293905,2097069,"14,02"
2016,3,70,SUCRE,43499,877397,"4,96"
2020,1,76,VALLE DEL CAUCA,797025,4582377,"17,39"
2016,4,11,BOGOTÁ D.C.,1728459,7300918,"23,67"
2017,2,76,VALLE DEL CAUCA,685493,4432549,"15,46"
2018,1,08,ATLÁNTICO,335464,2535517,"13,23"
2019,3,81,ARAUCA,15126,280109,"5,40"
2018,1,76,VALLE DEL CAUCA,719755,4475886,"16,08"
2017,3,66,RISARALDA,146913,935164,"15,71"
2020,4,13,BOLÍVAR,197100,2169294,"9,09"
2019,2,63,QUINDÍO,99862,547855,"18,23"
2017,2,19,CAUCA,63696,1448837,"4,40"
2018,2,88,"ARCHIPIÉLAGO DE SAN ANDRÉS, PROVIDENCIA Y SANTA CATALINA",4215,61280,"6,88"
2017,2,41,HUILA,95588,1086654,"8,80"
2020,4,41,HUILA,129000,1136911,"11,35"
2015,4,86,PUTUMAYO,7997,327856,"2,44"
2019,4,19,CAUCA,75525,1478407,"5,11"
2016,2,05,ANTIOQUIA,996836,6211312,"16,05"
2020,4,54,NORTE DE SANTANDER,181696,1617209,"11,24"
2016,2,63,QUINDÍO,80556,529891,"15,20"
2018,3,05,ANTIOQUIA,1149204,6407102,"17,94"
2016,1,86,PUTUMAYO,8394,334152,"2,51"
2019,1,23,CÓRDOBA,102170,1808439,"5,65"
2016,4,99,VICHADA,766,102663,"0,75"
2018,1,91,AMAZONAS,391,76589,"0,51"
2020,4,76,VALLE DEL CAUCA,864090,4582377,"18,86"
2020,3,99,VICHADA,1474,115196,"1,28"
2020,2,17,CALDAS,137751,1021435,"13,49"
2019,2,85,CASANARE,35451,428563,"8,27"
2016,2,17,CALDAS,109664,987214,"11,11"
2018,1,20,CESAR,82677,1200574,"6,89"
2019,4,66,RISARALDA,178877,952511,"18,78"
2016,4,94,GUAINÍA,61,44722,"0,14"
2019,3,97,VAUPÉS,88,42721,"0,21"
2016,4,17,CALDAS,112884,987214,"11,43"
2017,4,25,CUNDINAMARCA,342365,2773285,"12,35"
2016,2,68,SANTANDER,302178,2119954,"14,25"
2016,2,47,MAGDALENA,74771,1287462,"5,81"
2016,4,70,SUCRE,42962,877397,"4,90"
2016,3,23,CÓRDOBA,76303,1744254,"4,37"
2016,1,85,CASANARE,28306,403554,"7,01"
2017,4,54,NORTE DE SANTANDER,129802,1446748,"8,97"
2018,3,97,VAUPÉS,60,40797,"0,15"
2016,3,20,CESAR,67238,1136299,"5,92"
2016,2,15,BOYACÁ,92506,1199978,"7,71"
2017,1,15,BOYACÁ,135697,1207665,"11,24"
2017,3,19,CAUCA,65007,1448837,"4,49"
2018,1,85,CASANARE,34136,420504,"8,12"
2016,1,91,AMAZONAS,511,73790,"0,69"
2019,1,91,AMAZONAS,1298,77753,"1,67"
2018,3,68,SANTANDER,321125,2184837,"14,70"
2020,3,63,QUINDÍO,114196,553321,"20,64"
2020,2,97,VAUPÉS,90,43188,"0,21"
2018,4,68,SANTANDER,324351,2184837,"14,85"
2019,1,18,CAQUETA,24407,406142,"6,01"
2020,2,85,CASANARE,46074,443532,"10,39"
2018,1,73,TOLIMA,152533,1330187,"11,47"
2016,2,95,GUAVIARE,946,78796,"1,20"
2017,2,25,CUNDINAMARCA,334731,2773285,"12,07"
2016,4,44,LA GUAJIRA,30039,822700,"3,65"
2015,4,85,CASANARE,27583,396320,"6,96"
2020,4,85,CASANARE,47639,443532,"10,74"
2016,4,15,BOYACÁ,95357,1199978,"7,95"
2017,4,41,HUILA,95703,1086654,"8,81"
2017,3,86,PUTUMAYO,11435,340750,"3,36"
2016,1,50,META,95171,1004633,"9,47"
2016,2,13,BOLÍVAR,162289,2013010,"8,06"
2020,3,50,META,142369,1082032,"13,16"
2019,1,63,QUINDÍO,99031,547855,"18,08"
2016,2,97,VAUPÉS,71,38737,"0,18"
2015,4,50,META,95430,987232,"9,67"
2018,3,50,META,118352,1039722,"11,38"
2019,2,08,ATLÁNTICO,343938,2638151,"13,04"
2016,3,11,BOGOTÁ D.C.,1719075,7300918,"23,55"
2018,4,47,MAGDALENA,89496,1341746,"6,67"
2017,3,95,GUAVIARE,1673,80507,"2,08"
2017,3,54,NORTE DE SANTANDER,128865,1446748,"8,91"
2020,4,20,CESAR,113167,1290919,"8,77"
2019,3,73,TOLIMA,163812,1335313,"12,27"
2018,2,66,RISARALDA,165341,943401,"17,53"
2015,4,17,CALDAS,104230,984360,"10,59"
2017,1,11,BOGOTÁ D.C.,2638171,7337449,"35,95"
2017,4,15,BOYACÁ,105391,1207665,"8,73"
2019,1,27,CHOCÓ,24086,539933,"4,46"
2017,1,81,ARAUCA,9097,250502,"3,63"
2018,3,81,ARAUCA,11260,262174,"4,29"
2016,4,76,VALLE DEL CAUCA,657524,4414569,"14,89"
2020,4,05,ANTIOQUIA,1364120,6649401,"20,51"
2017,3,15,BOYACÁ,103228,1207665,"8,55"
2019,3,44,LA GUAJIRA,45334,927506,"4,89"
2017,1,70,SUCRE,55025,888638,"6,19"
2019,1,99,VICHADA,1322,110599,"1,20"
2020,2,54,NORTE DE SANTANDER,173164,1617209,"10,71"
2019,3,86,PUTUMAYO,11291,353759,"3,19"
2017,1,86,PUTUMAYO,9518,340750,"2,79"
2020,3,73,TOLIMA,166827,1354338,"12,32"
2018,2,08,ATLÁNTICO,338205,2535517,"13,34"
2018,2,50,META,116841,1039722,"11,24"
2017,3,81,ARAUCA,9580,250502,"3,82"
2019,2,50,META,126411,1052125,"12,01"
2017,4,08,ATLÁNTICO,328389,2468429,"13,30"
2019,1,05,ANTIOQUIA,1187950,6550206,"18,14"
2020,3,68,SANTANDER,362089,2282208,"15,87"
2016,1,52,NARIÑO,79604,1615767,"4,93"
2017,4,05,ANTIOQUIA,1098914,6296843,"17,45"
2018,3,52,NARIÑO,97635,1630592,"5,99"
2015,4,54,NORTE DE SANTANDER,123841,1409900,"8,78"
2017,1,17,CALDAS,151294,991363,"15,26"
2017,1,50,META,149487,1021943,"14,63"
2015,4,81,ARAUCA,7829,239772,"3,27"
2016,4,08,ATLÁNTICO,299204,2427046,"12,33"
2019,3,94,GUAINÍA,1520,49473,"3,07"
2017,1,13,BOLÍVAR,185926,2035711,"9,13"
2015,4,52,NARIÑO,78471,1608726,"4,88"
2019,2,41,HUILA,112021,1111844,"10,08"
2017,2,17,CALDAS,117090,991363,"11,81"
2016,1,19,CAUCA,58496,1434395,"4,08"
2020,3,70,SUCRE,58429,950612,"6,15"
2020,2,73,TOLIMA,164286,1354338,"12,13"
2015,4,95,GUAVIARE,679,77328,"0,88"
2020,2,52,NARIÑO,104462,1665454,"6,27"
2020,4,23,CÓRDOBA,112512,1842585,"6,11"
2018,2,05,ANTIOQUIA,1127888,6407102,"17,60"
2020,4,44,LA GUAJIRA,51509,964067,"5,34"
2017,3,47,MAGDALENA,90506,1309259,"6,91"
2018,1,52,NARIÑO,93702,1630592,"5,75"
2020,4,50,META,143019,1082032,"13,22"
2020,1,86,PUTUMAYO,14695,364883,"4,03"
2019,4,20,CESAR,102363,1252398,"8,17"
2019,4,81,ARAUCA,14526,280109,"5,19"
2019,4,73,TOLIMA,152485,1335313,"11,42"
2018,4,94,GUAINÍA,860,48114,"1,79"
2020,2,05,ANTIOQUIA,1323079,6649401,"19,90"
2015,4,88,"ARCHIPIÉLAGO DE SAN ANDRÉS, PROVIDENCIA Y SANTA CATALINA",3598,61406,"5,86"
2018,3,17,CALDAS,121551,998255,"12,18"
2019,3,20,CESAR,101159,1252398,"8,08"
2015,4,99,VICHADA,135,100392,"0,13"
2018,1,19,CAUCA,69939,1464488,"4,78"
2017,1,08,ATLÁNTICO,507809,2468429,"20,57"
2020,2,19,CAUCA,87682,1508061,"5,81"
2017,3,08,ATLÁNTICO,322437,2468429,"13,06"
2016,3,19,CAUCA,61153,1434395,"4,26"
2020,4,81,ARAUCA,20273,291252,"6,96"
2018,3,15,BOYACÁ,114666,1217376,"9,42"
2015,4,63,QUINDÍO,77462,526484,"14,71"
2020,1,63,QUINDÍO,102980,553321,"18,61"
2018,4,20,CESAR,88889,1200574,"7,40"
2018,1,97,VAUPÉS,68,40797,"0,17"
2020,3,20,CESAR,111163,1290919,"8,61"
2017,4,20,CESAR,79562,1162415,"6,84"
2016,3,94,GUAINÍA,58,44722,"0,13"
2017,1,88,"ARCHIPIÉLAGO DE SAN ANDRÉS, PROVIDENCIA Y SANTA CATALINA",4205,61309,"6,86"
2020,3,47,MAGDALENA,104898,1426023,"7,36"
2019,1,17,CALDAS,125235,1008344,"12,42"
2016,3,50,META,99758,1004633,"9,93"
2018,2,99,VICHADA,1017,107808,"0,94"
2015,4,91,AMAZONAS,527,72485,"0,73"
2019,1,13,BOLÍVAR,191419,2130512,"8,98"
2017,2,85,CASANARE,32173,411255,"7,82"
2020,3,05,ANTIOQUIA,1347032,6649401,"20,26"
2020,4,68,SANTANDER,366945,2282208,"16,08"
2018,2,73,TOLIMA,154394,1330187,"11,61"
2017,3,70,SUCRE,46074,888638,"5,18"
2015,4,25,CUNDINAMARCA,290582,2543338,"11,43"
2018,3,63,QUINDÍO,94477,539904,"17,50"
2016,2,88,"ARCHIPIÉLAGO DE SAN ANDRÉS, PROVIDENCIA Y SANTA CATALINA",4026,61358,"6,56"
2018,3,76,VALLE DEL CAUCA,741593,4475886,"16,57"
2018,2,44,LA GUAJIRA,37196,880560,"4,22"
2017,3,99,VICHADA,1016,105059,"0,97"
2019,3,17,CALDAS,127438,1008344,"12,64"
2017,3,23,CÓRDOBA,81706,1763053,"4,63"
2016,3,91,AMAZONAS,480,73790,"0,65"
2018,2,94,GUAINÍA,496,48114,"1,03"
2015,4,27,CHOCÓ,15793,509240,"3,10"
2020,3,11,BOGOTÁ D.C.,2069115,7732161,"26,76"
2017,3,13,BOLÍVAR,174669,2035711,"8,58"
2017,4,97,VAUPÉS,65,39811,"0,16"
2018,1,81,ARAUCA,11105,262174,"4,24"
2016,4,88,"ARCHIPIÉLAGO DE SAN ANDRÉS, PROVIDENCIA Y SANTA CATALINA",4166,61358,"6,79"
2020,3,44,LA GUAJIRA,52950,964067,"5,49"
2019,4,52,NARIÑO,95765,1628981,"5,88"
2020,3,95,GUAVIARE,2849,89050,"3,20"
2016,3,73,TOLIMA,143973,1323323,"10,88"
2017,1,95,GUAVIARE,1366,80507,"1,70"
2018,3,66,RISARALDA,167589,943401,"17,76"
2019,4,18,CAQUETA,26931,406142,"6,63"
2019,2,95,GUAVIARE,2572,84716,"3,04"
2017,3,68,SANTANDER,331507,2146496,"15,44"
2017,4,88,"ARCHIPIÉLAGO DE SAN ANDRÉS, PROVIDENCIA Y SANTA CATALINA",4203,61309,"6,86"
2018,2,15,BOYACÁ,111668,1217376,"9,17"
2019,2,52,NARIÑO,102897,1628981,"6,32"
2017,3,25,CUNDINAMARCA,338335,2773285,"12,20"
2016,3,54,NORTE DE SANTANDER,124099,1424761,"8,71"
2016,2,25,CUNDINAMARCA,309405,2652076,"11,67"
2019,4,17,CALDAS,121859,1008344,"12,09"
2020,4,08,ATLÁNTICO,392527,2693665,"14,57"
2016,2,76,VALLE DEL CAUCA,633209,4414569,"14,34"
2015,4,11,BOGOTÁ D.C.,1610511,7273265,"22,14"
2020,4,97,VAUPÉS,65,43188,"0,15"
2016,3,13,BOLÍVAR,166229,2013010,"8,26"
2017,3,88,"ARCHIPIÉLAGO DE SAN ANDRÉS, PROVIDENCIA Y SANTA CATALINA",4249,61309,"6,93"
2017,2,18,CAQUETA,20312,401099,"5,06"
2016,1,76,VALLE DEL CAUCA,619123,4414569,"14,02"
2017,4,11,BOGOTÁ D.C.,1818094,7337449,"24,78"
2015,4,05,ANTIOQUIA,957544,6134953,"15,61"
2016,1,08,ATLÁNTICO,289833,2427046,"11,94"
2016,2,52,NARIÑO,81183,1615767,"5,02"
2016,2,66,RISARALDA,142857,929046,"15,38"
2018,3,73,TOLIMA,153018,1330187,"11,50"
2018,3,13,BOLÍVAR,183812,2070110,"8,88"
2020,3,13,BOLÍVAR,198025,2169294,"9,13"
2020,3,18,CAQUETA,31998,413688,"7,73"
2018,3,44,LA GUAJIRA,38619,880560,"4,39"
2016,3,08,ATLÁNTICO,298221,2427046,"12,29"
2019,2,68,SANTANDER,330025,2237587,"14,75"
2020,1,23,CÓRDOBA,105227,1842585,"5,71"
2015,4,08,ATLÁNTICO,285611,2393557,"11,93"
2018,3,85,CASANARE,34124,420504,"8,12"
2020,4,88,"ARCHIPIÉLAGO DE SAN ANDRÉS, PROVIDENCIA Y SANTA CATALINA",3687,61898,"5,96"
2019,1,44,LA GUAJIRA,40534,927506,"4,37"
2017,4,70,SUCRE,47709,888638,"5,37"
2018,4,44,LA GUAJIRA,43424,880560,"4,93"
2020,3,17,CALDAS,142793,1021435,"13,98"
2017,2,11,BOGOTÁ D.C.,1776768,7337449,"24,22"
2016,1,41,HUILA,86794,1073916,"8,08"
2020,1,85,CASANARE,42087,443532,"9,49"
2018,1,11,BOGOTÁ D.C.,1826350,7412566,"24,64"
2017,1,85,CASANARE,46441,411255,"11,29"
2019,3,91,AMAZONAS,1332,77753,"1,71"
2020,2,94,GUAINÍA,1656,52006,"3,18"
2020,2,88,"ARCHIPIÉLAGO DE SAN ANDRÉS, PROVIDENCIA Y SANTA CATALINA",3250,61898,"5,25"
2020,3,15,BOYACÁ,133404,1257289,"10,61"
2015,4,20,CESAR,63735,1114269,"5,72"
2016,4,13,BOLÍVAR,165240,2013010,"8,21"
2019,1,47,MAGDALENA,95552,1388832,"6,88"
2020,3,23,CÓRDOBA,112684,1842585,"6,12"
2018,1,63,QUINDÍO,92188,539904,"17,07"
2020,2,99,VICHADA,1434,115196,"1,24"
2018,1,44,LA GUAJIRA,36625,880560,"4,16"
2019,2,81,ARAUCA,14612,280109,"5,22"
2015,4,66,RISARALDA,138897,923443,"15,04"
2020,4,91,AMAZONAS,1431,80472,"1,78"
2019,1,25,CUNDINAMARCA,400213,3085522,"12,97"
2016,3,41,HUILA,89697,1073916,"8,35"
2016,1,20,CESAR,64976,1136299,"5,72"
2020,3,08,ATLÁNTICO,386560,2693665,"14,35"
2016,1,95,GUAVIARE,718,78796,"0,91"
2019,3,76,VALLE DEL CAUCA,779626,4506768,"17,30"
2017,3,94,GUAINÍA,70,46250,"0,15"
2019,4,54,NORTE DE SANTANDER,154898,1565362,"9,90"
2017,2,99,VICHADA,1011,105059,"0,96"
2016,3,81,ARAUCA,8492,244206,"3,48"
2018,3,99,VICHADA,903,107808,"0,84"
2018,3,88,"ARCHIPIÉLAGO DE SAN ANDRÉS, PROVIDENCIA Y SANTA CATALINA",4201,61280,"6,86"
2019,2,19,CAUCA,80819,1478407,"5,47"
2017,2,86,PUTUMAYO,11530,340750,"3,38"
2019,4,11,BOGOTÁ D.C.,1916910,7592871,"25,25"
2020,3,85,CASANARE,47410,443532,"10,69"
2019,4,99,VICHADA,1165,110599,"1,05"
2017,4,85,CASANARE,33843,411255,"8,23"
2017,4,52,NARIÑO,92327,1621984,"5,69"
2017,2,20,CESAR,76233,1162415,"6,56"
2019,4,05,ANTIOQUIA,1232910,6550206,"18,82"
2016,4,41,HUILA,89351,1073916,"8,32"
2017,4,99,VICHADA,2217,105059,"2,11"
2017,3,91,AMAZONAS,423,75104,"0,56"
2018,4,50,META,119423,1039722,"11,49"
2015,4,44,LA GUAJIRA,29198,803092,"3,64"
2020,1,81,ARAUCA,16447,291252,"5,65"
2020,1,50,META,131655,1082032,"12,17"
2016,3,88,"ARCHIPIÉLAGO DE SAN ANDRÉS, PROVIDENCIA Y SANTA CATALINA",4133,61358,"6,74"
2018,4,23,CÓRDOBA,99242,1784783,"5,56"
2018,3,23,CÓRDOBA,95299,1784783,"5,34"
2016,4,19,CAUCA,61710,1434395,"4,30"
2016,3,05,ANTIOQUIA,1021089,6211312,"16,44"
2020,4,15,BOYACÁ,139976,1257289,"11,13"
2016,3,17,CALDAS,112432,987214,"11,39"
2017,2,54,NORTE DE SANTANDER,126136,1446748,"8,72"
2019,1,73,TOLIMA,159391,1335313,"11,94"
2020,2,44,LA GUAJIRA,51080,964067,"5,30"
2019,4,68,SANTANDER,328405,2237587,"14,68"
2019,1,68,SANTANDER,329265,2237587,"14,72"
2015,4,47,MAGDALENA,69931,1268980,"5,51"
2016,4,85,CASANARE,30256,403554,"7,50"
2017,3,05,ANTIOQUIA,1090890,6296843,"17,32"
2016,2,99,VICHADA,131,102663,"0,13"
2019,4,25,CUNDINAMARCA,417242,3085522,"13,52"
2016,4,52,NARIÑO,83319,1615767,"5,16"
2018,4,19,CAUCA,75879,1464488,"5,18"
2016,1,81,ARAUCA,8041,244206,"3,29"
2016,3,47,MAGDALENA,72803,1287462,"5,65"
2018,1,95,GUAVIARE,2020,82767,"2,44"
2018,4,54,NORTE DE SANTANDER,143285,1491689,"9,61"
2018,1,88,"ARCHIPIÉLAGO DE SAN ANDRÉS, PROVIDENCIA Y SANTA CATALINA",4197,61280,"6,85"
2020,4,66,RISARALDA,211170,962779,"21,93"
2019,3,27,CHOCÓ,24179,539933,"4,48"
2016,1,17,CALDAS,107205,987214,"10,86"
2020,1,25,CUNDINAMARCA,433795,3147954,"13,78"
2017,1,20,CESAR,94923,1162415,"8,17"
2020,2,68,SANTANDER,350673,2282208,"15,37"
2017,3,63,QUINDÍO,89604,533966,"16,78"
2016,4,27,CHOCÓ,18016,518234,"3,48"
2017,2,63,QUINDÍO,87383,533966,"16,36"
2017,3,97,VAUPÉS,63,39811,"0,16"
2017,1,18,CAQUETA,19827,401099,"4,94"
2017,1,94,GUAINÍA,52,46250,"0,11"
2016,3,97,VAUPÉS,71,38737,"0,18"
2016,2,73,TOLIMA,142240,1323323,"10,75"
2015,4,41,HUILA,85837,1061405,"8,09"
2019,3,99,VICHADA,1331,110599,"1,20"
2016,3,25,CUNDINAMARCA,316599,2652076,"11,94"
2017,2,23,CÓRDOBA,84904,1763053,"4,82"
2017,2,94,GUAINÍA,49,46250,"0,11"
2020,4,11,BOGOTÁ D.C.,2088680,7732161,"27,01"
2020,2,27,CHOCÓ,26688,562387,"4,75"
2016,2,23,CÓRDOBA,74991,1744254,"4,30"
2018,4,63,QUINDÍO,97766,539904,"18,11"
2017,2,05,ANTIOQUIA,1074066,6296843,"17,06"
2018,1,47,MAGDALENA,90043,1341746,"6,71"
2018,4,18,CAQUETA,23863,401849,"5,94"
2016,1,99,VICHADA,137,102663,"0,13"
2019,4,85,CASANARE,38138,428563,"8,90"
2016,4,54,NORTE DE SANTANDER,121940,1424761,"8,56"
2018,1,15,BOYACÁ,108764,1217376,"8,93"
2019,4,91,AMAZONAS,1290,77753,"1,66"
2017,4,91,AMAZONAS,408,75104,"0,54"
2019,3,85,CASANARE,36832,428563,"8,59"
2019,4,41,HUILA,107319,1111844,"9,65"
2016,2,81,ARAUCA,8333,244206,"3,41"
2019,2,11,BOGOTÁ D.C.,1890765,7592871,"24,90"
2019,3,54,NORTE DE SANTANDER,151726,1565362,"9,69"
2020,4,19,CAUCA,84166,1508061,"5,58"
2018,1,70,SUCRE,48971,904863,"5,41"
2016,3,95,GUAVIARE,1071,78796,"1,36"
2020,2,13,BOLÍVAR,197383,2169294,"9,10"
2017,1,25,CUNDINAMARCA,513029,2773285,"18,50"
2018,4,99,VICHADA,936,107808,"0,87"
2019,1,52,NARIÑO,100063,1628981,"6,14"
2018,2,20,CESAR,84115,1200574,"7,01"
2018,3,41,HUILA,103905,1100386,"9,44"
2017,4,50,META,112265,1021943,"10,99"
2016,3,15,BOYACÁ,94826,1199978,"7,90"
2016,1,25,CUNDINAMARCA,300632,2652076,"11,34"
2016,4,97,VAUPÉS,67,38737,"0,17"
2018,2,11,BOGOTÁ D.C.,1857309,7412566,"25,06"
2017,4,19,CAUCA,65548,1448837,"4,52"
2020,1,15,BOYACÁ,121154,1257289,"9,64"
2018,1,66,RISARALDA,162303,943401,"17,20"
2017,2,47,MAGDALENA,87350,1309259,"6,67"
2015,4,19,CAUCA,57533,1420313,"4,05"
2019,2,76,VALLE DEL CAUCA,768930,4506768,"17,06"
2015,4,94,GUAINÍA,65,43291,"0,15"
2016,4,91,AMAZONAS,459,73790,"0,62"
2020,4,63,QUINDÍO,119851,553321,"21,66"
2018,2,81,ARAUCA,11263,262174,"4,30"
2016,4,18,CAQUETA,17718,399983,"4,43"
2020,4,25,CUNDINAMARCA,517323,3147954,"16,43"
2018,4,17,CALDAS,123158,998255,"12,34"
2017,2,52,NARIÑO,86468,1621984,"5,33"
2017,3,44,LA GUAJIRA,34899,846012,"4,13"
2018,4,13,BOLÍVAR,186967,2070110,"9,03"
2020,4,17,CALDAS,153047,1021435,"14,98"
2018,2,23,CÓRDOBA,92055,1784783,"5,16"
2019,2,23,CÓRDOBA,102798,1808439,"5,68"
2017,4,23,CÓRDOBA,86146,1763053,"4,89"
2020,3,91,AMAZONAS,1438,80472,"1,79"
2018,2,17,CALDAS,122163,998255,"12,24"
2019,1,54,NORTE DE SANTANDER,143100,1565362,"9,14"
2019,3,95,GUAVIARE,2648,84716,"3,13"
2016,3,99,VICHADA,132,102663,"0,13"
2017,1,23,CÓRDOBA,90943,1763053,"5,16"
2020,1,44,LA GUAJIRA,49479,964067,"5,13"
